{
  "3D": 2.97539114952087,
  "Editor": 127.228357076645,
  "Script": 41.9985520839691,
  "Tasks": 82.2544138431549
}