{
  "2D": 2106.86472702027,
  "3D": 499.040809154512,
  "Asset Store": 36.5322952270508,
  "Editor": 19031.0769739151,
  "Game": 1095.85140967369,
  "Script": 14863.5695722103,
  "Tasks": 429.218160629272
}