{
  "2D": 1396.97890901565,
  "3D": 477.04683494568,
  "Asset Store": 36.5322952270508,
  "Editor": 13941.3447995186,
  "Game": 704.325939893722,
  "Script": 10897.2426598072,
  "Tasks": 429.218160629272
}