{
  "2D": 1396.97890901565,
  "3D": 477.04683494568,
  "Editor": 11742.5552296638,
  "Game": 656.491631746292,
  "Script": 8940.191395998,
  "Tasks": 271.846457958221
}