{
  "2D": 2106.86472702027,
  "3D": 499.040809154512,
  "Asset Store": 36.5322952270508,
  "Editor": 24296.39123559,
  "Game": 1745.3526058197,
  "Script": 19479.3826377392,
  "Tasks": 429.218160629272
}